<?xml version="1.0" encoding="utf-8" standalone="yes"?>
<rss version="2.0" xmlns:atom="http://www.w3.org/2005/Atom">
  <channel>
    <title>Human-Computer Interaction on Human Computer Interaction</title>
    <link>https://users.aalto.fi/~karlssr3/hci/</link>
    <description>Recent content in Human-Computer Interaction on Human Computer Interaction</description>
    <generator>Hugo -- gohugo.io</generator>
    <language>en-us</language><atom:link href="https://users.aalto.fi/~karlssr3/hci/index.xml" rel="self" type="application/rss+xml" />
    <item>
      <title>Email to Group</title>
      <link>https://users.aalto.fi/~karlssr3/hci/practicals/email-group/</link>
      <pubDate>Mon, 01 Jan 0001 00:00:00 +0000</pubDate>
      
      <guid>https://users.aalto.fi/~karlssr3/hci/practicals/email-group/</guid>
      <description>Email to Group (Mail an TeilnehmerInnen)To send email to the other members of your group, for example if youare not sure who else is in your group, follow the directions below.First, in TUGRAZonline, navigate to the Group Registrationpage for the course. It should look something likeFigure 1.Figure 1:Sending email to members of your group via TUGRAZonline.Look for the link &#34;Mail an TeilnehmerInnen&#34;</description>
    </item>
    
    <item>
      <title>HCI Practical Reports</title>
      <link>https://users.aalto.fi/~karlssr3/hci/reports/</link>
      <pubDate>Mon, 01 Jan 0001 00:00:00 +0000</pubDate>
      
      <guid>https://users.aalto.fi/~karlssr3/hci/reports/</guid>
      <description>HCI Practical ReportsHere are some practical reports from students in past semesters:SS 2021SS 2020SS 2017SS 2010SS 2006SS 2002WS 2001/2002SS 2000In the past, some of the reports were written in German.Do not copy these reports to use as templates for thisyear! They are not perfect examples of what I want you to do thissemester.Copyright © Keith Andrews 2021.</description>
    </item>
    
    <item>
      <title>HCI Practicals Slots for First Client Meeting (M1)</title>
      <link>https://users.aalto.fi/~karlssr3/hci/schedule/first-mc-test/</link>
      <pubDate>Mon, 01 Jan 0001 00:00:00 +0000</pubDate>
      
      <guid>https://users.aalto.fi/~karlssr3/hci/schedule/first-mc-test/</guid>
      <description>HCI Practicals Slots for First Client Meeting (M1) SS 2022The client meetings will be face-to-face (in person) and will takeplace under the university&#39;s COVIDregulations.Each slot is 15 mins.With a buffer of 5 mins. for COVID checks and 5 mins. for changeover.See the description of what is expected at M1.Thu 31 Mar 2022 [08:00-14:00] (Slots S1) T1 MattiaSeminar Room IICM, IDEG134, Inffeldg. 16c, ground floor08:10 G1-0108:35 G1-0209:00 G1-0309:25 break09:40 G1-0410:05 G1-0510:30 G1-0610:55 break11:10 G1-0711:35 G1-0812:00 G1-0912:25 break12:40 G1-1013:05 G1-1113:30 G1-12Thu 31 Mar 2022 [08:00-13:45] (Slots S2) T2 EmaSeminar Room CGV, ID02104, Inffeldg.</description>
    </item>
    
    <item>
      <title>HCI Practicals Slots for Second Client Meeting (M2)</title>
      <link>https://users.aalto.fi/~karlssr3/hci/schedule/second-mc-test/</link>
      <pubDate>Mon, 01 Jan 0001 00:00:00 +0000</pubDate>
      
      <guid>https://users.aalto.fi/~karlssr3/hci/schedule/second-mc-test/</guid>
      <description>HCI Practicals Slots for Second Client Meeting (M2) SS 2022See the description of what is expected at M2.The client meetings will be face-to-face (in person) and will takeplace under whateverCOVID regulations are in force atthe time.Each slot is 20 mins.With a buffer of 10 mins. after.Thu 19 May 2022 [08:00-15:00] (Slots S1) T4 SabrinaSeminar Room ICG, IE02082, &#34;Franz Leberl&#34;, Inffeldg. 16, 2nd floor08:00 G4-0108:30 G4-0209:00 G4-0309:30 break09:45 G4-0410:15 G4-0510:45 G4-0611:15 break11:30 G4-0712:00 G4-0812:30 G4-0913:00 break13:15 G4-1013:45 G4-1114:15Thu 19 May 2022 [12:00-19:00] (Slots S2) T2 EmaSeminar Room IGI, IC01074, Inffeldg.</description>
    </item>
    
    <item>
      <title>HCI: CoViD Regulations</title>
      <link>https://users.aalto.fi/~karlssr3/hci/practicals/covid-regulations.html</link>
      <pubDate>Mon, 01 Jan 0001 00:00:00 +0000</pubDate>
      
      <guid>https://users.aalto.fi/~karlssr3/hci/practicals/covid-regulations.html</guid>
      <description>CoViD Regulations for HCI SS 2022CoViD RegulationsThe face-to-face parts of the course (the Client Meetings, MC Tests,and Grading Review) will take place under whatever COVID regulationsare in force at the time.This information will be updated as necessary as the semester progresses.The university has lifted all COVID restrictions from 25 Apr 2022.See:https://tugraz.at/icoe/coronavirus/home/Copyright © Keith Andrews 2022.</description>
    </item>
    
    <item>
      <title>HCI: Grading Review</title>
      <link>https://users.aalto.fi/~karlssr3/hci/schedule/grading-review/</link>
      <pubDate>Mon, 01 Jan 0001 00:00:00 +0000</pubDate>
      
      <guid>https://users.aalto.fi/~karlssr3/hci/schedule/grading-review/</guid>
      <description>Grading Review for HCI SS 2022The grading review will be face-to-face and will take place underwhateverCOVID regulations are in force atthe time.The university has lifted all COVID restrictions as of 25 Apr 2022.If COVID restrictions are reintroduced, the consolidated time slotshown below will be readjusted accordingly (bookable individual slotsper group).Grading ReviewAttendance at the grading review is not compulsory. If youare happy with your grade, you do not have to attend.</description>
    </item>
    
    <item>
      <title>HCI: Practicals: Exercise 1</title>
      <link>https://users.aalto.fi/~karlssr3/hci/practicals/exercise-1/</link>
      <pubDate>Mon, 01 Jan 0001 00:00:00 +0000</pubDate>
      
      <guid>https://users.aalto.fi/~karlssr3/hci/practicals/exercise-1/</guid>
      <description>HCI Exercise 1(INB.06021UF Human-Computer Interaction 3VU SS 2022)Exercise 1: Heuristic Evaluation Plan (HE Plan)First of all, read the sections in the lecture notes on heuristicevaluation. You will have to explain what these techniques are to yourclient at the first client meeting.This exercise just comprises writing the plan, you do not dothe actual evaluation yet!1 Plan Your Heuristic EvaluationPreparation:The four (or three) members of your group will be the evaluatorsfor the heuristic evaluation.</description>
    </item>
    
    <item>
      <title>HCI: Practicals: Exercise 2</title>
      <link>https://users.aalto.fi/~karlssr3/hci/practicals/exercise-2/</link>
      <pubDate>Mon, 01 Jan 0001 00:00:00 +0000</pubDate>
      
      <guid>https://users.aalto.fi/~karlssr3/hci/practicals/exercise-2/</guid>
      <description>HCI Exercise 2(INB.06021UF Human-Computer Interaction 3VU SS 2022)Exercise 2: Heuristic Evaluation (Individual Evaluations)1 Conduct the Individual EvaluationEach evaluator must inspect the interface alone.Set up screen and audio capture on your device. See my guide tosession capture on variousplatforms. Use a good microphone where possible, and make a testrecording to make sure everything is working and the audio can beheard.On mouse devices, turn on display of the mouse pointer (even make itslightly larger), but turn off any mouse trails.</description>
    </item>
    
    <item>
      <title>HCI: Practicals: Exercise 3</title>
      <link>https://users.aalto.fi/~karlssr3/hci/practicals/exercise-3/</link>
      <pubDate>Mon, 01 Jan 0001 00:00:00 +0000</pubDate>
      
      <guid>https://users.aalto.fi/~karlssr3/hci/practicals/exercise-3/</guid>
      <description>HCI Exercise 3(INB.06021UF Human-Computer Interaction 3VU SS 2022)Exercise 3: Heuristic Evaluation (HE Report)1 Aggregate the Individual FindingsAssemble the individual log files and associated video clips from eachevaluator in your group.As a group, form a combined (aggregated) list of problems (and acombined list of positives) using the spreadsheethelist.xlsxas a template:If the same (or very similar) findings are found by two or moreevaluators, combine them into one.</description>
    </item>
    
    <item>
      <title>HCI: Practicals: M1</title>
      <link>https://users.aalto.fi/~karlssr3/hci/practicals/m1.html</link>
      <pubDate>Mon, 01 Jan 0001 00:00:00 +0000</pubDate>
      
      <guid>https://users.aalto.fi/~karlssr3/hci/practicals/m1.html</guid>
      <description>HCI Practical Exercises(Human-Computer Interaction 3VU SS 2022)First Meeting with Client (M1)After planning your heuristic evaluation, you will have a meeting(Abgabegespräch) with your client (your tutor) at the first clientmeeting (M1).The dates and times for meeting M1 are given in theM1 Slots.You should:Give a 10-minute presentation of your HE Plan to your client.Explain what deliverables the client can expect at the secondclient meeting (M2).</description>
    </item>
    
    <item>
      <title>HCI: Practicals: M2</title>
      <link>https://users.aalto.fi/~karlssr3/hci/practicals/m2.html</link>
      <pubDate>Mon, 01 Jan 0001 00:00:00 +0000</pubDate>
      
      <guid>https://users.aalto.fi/~karlssr3/hci/practicals/m2.html</guid>
      <description>HCI Practical Exercises(Human-Computer Interaction 3VU SS 2022)Second Meeting with Client (M2)After performing your heuristic evaluation, you will have a meeting(Abgabegespräch) with your client (your tutor) at the second clientmeeting (M2).The dates and times for meeting M2 are given in theM2 Slots.You should:Give a 20-minute presentation of the results of your heuristicevaluation to your client.Bear in mind:All members of your group must attend the client meetings (unless youhave a very good reason backed up by documentary evidencesuch as a doctor&#39;s letter).</description>
    </item>
    
    <item>
      <title>HCI: Practicals: MC Test</title>
      <link>https://users.aalto.fi/~karlssr3/hci/practicals/exercise-4/</link>
      <pubDate>Mon, 01 Jan 0001 00:00:00 +0000</pubDate>
      
      <guid>https://users.aalto.fi/~karlssr3/hci/practicals/exercise-4/</guid>
      <description>HCI Multiple Choice Test(Human-Computer Interaction SS 2022)Exercise 4: Multiple Choice TestThe final part of the course is a short multiple choice test on thetheory of HCI, based of the material in thelecture notes.A variety of sample tests are available, both withand without answers. The course notes change over time, each testcorresponds to the course notes of that particular year.Remember, to pass the course, you must achieve 50% or more of thetotal points for the course and also get at least two out often questions correct in the multiple choice test.</description>
    </item>
    
    <item>
      <title>HCI: Practicals: Using Morae</title>
      <link>https://users.aalto.fi/~karlssr3/hci/guides/guide-using-morae/</link>
      <pubDate>Mon, 01 Jan 0001 00:00:00 +0000</pubDate>
      
      <guid>https://users.aalto.fi/~karlssr3/hci/guides/guide-using-morae/</guid>
      <description>HCI Practicals: Using MoraeMorae was a product of TechSmith for Windows and used to be found atmorae.com, but unfortunately was discontinued on 31 Dec2019 and is no longer supported. The final version was Morae3.3.4. The software is still available for download at the InternetArchive:https://web.archive.org/web/20200830113913/https://download.techsmith.com/morae/enu/334/Morae_Manager_Full.exehttps://web.archive.org/web/20200830113913/https://download.techsmith.com/morae/enu/334/Morae_Recorder.msihttps://web.archive.org/web/20200830113913/https://download.techsmith.com/morae/enu/334/Morae_Observer.msiThe user manuals for Morae 3.3.0 are available here:https://assets.techsmith.com/Docs/pdf-morae/morae-manager-330-user-guide.pdfhttps://assets.techsmith.com/Docs/pdf-morae/morae-recorder-330-user-guide.pdfhttps://assets.techsmith.com/Docs/pdf-morae/morae-observer-330-user-guide.pdfYou would need to install Morae Recorder to record a session and MoraeManager to edit findings and produce a highlights video.</description>
    </item>
    
    <item>
      <title>HCI: Tutors for SS 2022</title>
      <link>https://users.aalto.fi/~karlssr3/hci/tutors/</link>
      <pubDate>Mon, 01 Jan 0001 00:00:00 +0000</pubDate>
      
      <guid>https://users.aalto.fi/~karlssr3/hci/tutors/</guid>
      <description>HCI Tutors for SS 2022Tutor 1: Mattia Zoggia(hci-t1-mattia@iicm.edu)Tutor 2: Ema Salkić(hci-t2-ema@iicm.edu)Tutor 3: Sebastian Überreiter(hci-t3-sebastian@iicm.edu)Tutor 4: Sabrina Pletzl(hci-t4-sabrina@iicm.edu)Tutor 5: Stefanie Ziegler(hci-t5-stefanie@iicm.edu)Tutor 6: Amel Smajic(hci-t6-amel@iicm.edu)Copyright © Keith Andrews 2022.</description>
    </item>
    
    <item>
      <title>Human-Computer Interaction Schedule</title>
      <link>https://users.aalto.fi/~karlssr3/hci/schedule/</link>
      <pubDate>Mon, 01 Jan 0001 00:00:00 +0000</pubDate>
      
      <guid>https://users.aalto.fi/~karlssr3/hci/schedule/</guid>
      <description>Human-Computer Interaction SS 2022Provisional ScheduleThis schedule is a work in progress.It is subject to change if circumstances require.Each class will start punctually at the time given. For onlineclasses with Webex, it will be possible to join each Webex session 15minutes before the scheduled time, so everyone can sign in.DateVenueDetailsTue 01 Mar 202213:15-15:45Webex* Class 11. Introduction2. The Psychology of Usable ThingsTue 08 Mar 202213:15-15:45WebexClass 2Sec 2.</description>
    </item>
    
    <item>
      <title>Materials for HCI Practicals</title>
      <link>https://users.aalto.fi/~karlssr3/hci/materials/</link>
      <pubDate>Mon, 01 Jan 0001 00:00:00 +0000</pubDate>
      
      <guid>https://users.aalto.fi/~karlssr3/hci/materials/</guid>
      <description>Materials for HCI Practicals 2022Use the materials here as templates for your heuristic evaluation (HE).EnglishSave the materials using the zip file, or by right-clicking the linkand using &#34;Save Link As...&#34;. If you load a HTML page into a webbrowser and then use &#34;Save Page As...&#34;, you sometimes getan altered copy rather than the exact original.Do not base your reports on the materials or the samplereports from previous years!</description>
    </item>
    
    <item>
      <title>Session Capture</title>
      <link>https://users.aalto.fi/~karlssr3/hci/guides/guide-session-capture/</link>
      <pubDate>Mon, 01 Jan 0001 00:00:00 +0000</pubDate>
      
      <guid>https://users.aalto.fi/~karlssr3/hci/guides/guide-session-capture/</guid>
      <description>Session CaptureSession CaptureSession capture refers to the recording of a test or evaluationsession on the device itself. Some software is capable of recordingwebcam video and audio streams (and even mouse click events andbrowser URLs) in addition to screen contents.1 Lossless or LossyA lossless video codec, such as TechSmith Screen CaptureCodec (TSCC) for Camtasia or Morae, or CamStudio Lossless Codec forCamStudio will give the best visual quality (individual pixels arepreserved as-is), but will generally result in huge videofiles.</description>
    </item>
    
    <item>
      <title>Slots for MC1</title>
      <link>https://users.aalto.fi/~karlssr3/hci/practicals/mc1-slots.html</link>
      <pubDate>Mon, 01 Jan 0001 00:00:00 +0000</pubDate>
      
      <guid>https://users.aalto.fi/~karlssr3/hci/practicals/mc1-slots.html</guid>
      <description>Slots for MC1See the general description of the MC Test.The test will be face-to-face and will take place under whateverCOVID regulations are in force atthe time.The university has lifted all COVID restrictions as of 25 Apr 2022.If COVID restrictions are reintroduced, the time slots shown belowwill be readjusted accordingly (fewer slots with more time in between).1 First MC Test (MC1)I expect everyone to attend MC1.</description>
    </item>
    
    <item>
      <title>Slots for MC2</title>
      <link>https://users.aalto.fi/~karlssr3/hci/practicals/mc2-slots.html</link>
      <pubDate>Mon, 01 Jan 0001 00:00:00 +0000</pubDate>
      
      <guid>https://users.aalto.fi/~karlssr3/hci/practicals/mc2-slots.html</guid>
      <description>Slots for MC2See the general description of the MC Test.The test will be face-to-face and will take place under whateverCOVID regulations are in force atthe time.The university has lifted all COVID restrictions as of 25 Apr 2022.If COVID restrictions are reintroduced, the time slots shown belowmay have to be adjusted slightly.1 Second MC Test (MC2)You must sign up for MC2 by sending me email(kandrews@iicm.</description>
    </item>
    
    <item>
      <title>Using OBS Studio</title>
      <link>https://users.aalto.fi/~karlssr3/hci/guides/guide-using-obs/</link>
      <pubDate>Mon, 01 Jan 0001 00:00:00 +0000</pubDate>
      
      <guid>https://users.aalto.fi/~karlssr3/hci/guides/guide-using-obs/</guid>
      <description>Using OBS StudioOBS Studio(obsproject.com) isa powerful, free, and open-source software suite for video recordingand live streaming. It can combine multiple input video and audiosignals and record (or stream) them, and so is very useful for screenand session capture. OBS Studio is available for Windows, Mac, andLinux.The best strategy is to record initally in MKV format, then laterremux without loss of quality (File → Remux Recordings) to MP4 format.</description>
    </item>
    
    <item>
      <title>Using Sapphire</title>
      <link>https://users.aalto.fi/~karlssr3/hci/guides/guide-using-sapphire/</link>
      <pubDate>Mon, 01 Jan 0001 00:00:00 +0000</pubDate>
      
      <guid>https://users.aalto.fi/~karlssr3/hci/guides/guide-using-sapphire/</guid>
      <description>Using SapphireSapphire is the online submission and grading system we use for theHCI course:https://sapphire.isds.tugraz.at/It is developed and maintained in-house.1 Sapphire AccountsEvery student enrolled in HCI who has not previously had a Sapphireaccount will receive an email to their TU Graz email account shortlyafter the unregistration deadline, containing their individual logindetails for Sapphire.If you already have a Sapphire account from a previous semester, yourlogin credentials will not have changed.</description>
    </item>
    
    <item>
      <title>Using Webex</title>
      <link>https://users.aalto.fi/~karlssr3/hci/guides/guide-using-webex/</link>
      <pubDate>Mon, 01 Jan 0001 00:00:00 +0000</pubDate>
      
      <guid>https://users.aalto.fi/~karlssr3/hci/guides/guide-using-webex/</guid>
      <description>Using WebexWe will be using Cisco&#39;s Webex for any online classes or meetings.1 InstallationWindows and MacOSFor best results, I highly recommend that you install and usethe Webex native desktop app either for Windows or MacOS:Go to https://webex.com/downloads.htmlDownload and install Webex.LinuxIn 2021, Cisco released a native desktop app for Linux. Ido not recommend using it. Instead, use the Windows or MacOSapp, if you can.</description>
    </item>
    
    <item>
      <title>Validating XHTML5</title>
      <link>https://users.aalto.fi/~karlssr3/hci/guides/guide-valudating-html/</link>
      <pubDate>Mon, 01 Jan 0001 00:00:00 +0000</pubDate>
      
      <guid>https://users.aalto.fi/~karlssr3/hci/guides/guide-valudating-html/</guid>
      <description>Validating XHTML5XHTML5 is a stricter version of HTML5 where checks of the syntax andgrammar are applied more rigourously.In standard HTML5 parsing, some web browsers may be more tolerant thanothers when it comes to errors such as missing &amp;lt;/p&amp;gt;or &amp;lt;/li&amp;gt; tags. This can lead to differences in theinternal DOM tree and sometimes subtle differences in behaviour andthe way CSS is applied, which can be hard to debug.</description>
    </item>
    
    <item>
      <title>Video Editing</title>
      <link>https://users.aalto.fi/~karlssr3/hci/guides/guide-video-editing/</link>
      <pubDate>Mon, 01 Jan 0001 00:00:00 +0000</pubDate>
      
      <guid>https://users.aalto.fi/~karlssr3/hci/guides/guide-video-editing/</guid>
      <description>Video EditingVideo Editing1 Lossless or Lossy EditingWhen using a lossy video codec such as H.264, a losslessvideo editor avoids having to re-encode the video as far aspossible. At cut and join points it is necessary to re-encode, butotherwise frames can simply be copied over to the newvideo. Re-encoding video frames always causes a loss of quality.When the resolution or encoding of the video changes, the entire video hasto be re-encoded, thus suffering the inevitable loss of quality.</description>
    </item>
    
    <item>
      <title>Video Transcoding</title>
      <link>https://users.aalto.fi/~karlssr3/hci/guides/guide-video-transcoding/</link>
      <pubDate>Mon, 01 Jan 0001 00:00:00 +0000</pubDate>
      
      <guid>https://users.aalto.fi/~karlssr3/hci/guides/guide-video-transcoding/</guid>
      <description>Video TranscodingVideo TranscodingWith video, transcoding is the process of changing theresolution, quality, and/or encoding (parameters) of a video track,all of which involve re-encoding the entire video (and thus inevitableloss of quality).With audio, transcoding is the process of changing thequality and/or encoding (parameters) of an audio track, both of whichinvolve re-encoding the entire audio track (and thus inevitable lossof quality).I am assuming here that we are working with lossy video and audiocodecs, such as H.</description>
    </item>
    
  </channel>
</rss>
