<?xml version="1.0" encoding="utf-8" standalone="yes"?>
<rss version="2.0" xmlns:atom="http://www.w3.org/2005/Atom">
  <channel>
    <title>Categories on Human Computer Interaction</title>
    <link>https://users.aalto.fi/~karlssr3/hci/categories.html</link>
    <description>Recent content in Categories on Human Computer Interaction</description>
    <generator>Hugo -- gohugo.io</generator>
    <language>en-us</language><atom:link href="https://users.aalto.fi/~karlssr3/hci/categories/index.xml" rel="self" type="application/rss+xml" />
  </channel>
</rss>
